question,answer,type,source_id
Who is the mother of the director of film Polish-Russian War (Film)?,Małgorzata Braunek,compositional,0
"Which film came out first, Blind Shaft or The Mask Of Fu Manchu?",The Mask Of Fu Manchu,comparison,1
"When did John V, Prince Of Anhalt-Zerbst's father die?",12 June 1516,compositional,2
What is the award that the director of film Wearing Velvet Slippers Under A Golden Umbrella won?,Myanmar Motion Picture Academy Awards,compositional,3
Where was the director of film Ronnie Rocket born?,"Missoula, Montana",compositional,4
Who is Charles Bretagne Marie De La Trémoille's paternal grandfather?,Charles Armand René de La Trémoille,inference,5
Where was the father of Ștefan I. Nenițescu born?,Galați,compositional,6
Are North Marion High School (Oregon) and Seoul High School both located in the same country?,no,comparison,7
"Which film has the director who was born later, El Extraño Viaje or Love In Pawn?",El Extraño Viaje,bridge_comparison,8
Who is the maternal grandfather of Antiochus X Eusebes?,Ptolemy IX Lathyros,inference,9
"Which film has the director died first, Crimen A Las Tres or The Working Class Goes To Heaven?",The Working Class Goes To Heaven,bridge_comparison,10
"Which film has the director born first, Once A Gentleman or The Girl In White?",Once A Gentleman,bridge_comparison,11
"Which film has the director who died earlier, Il Seduttore or The Trial Of Joan Of Arc?",The Trial Of Joan Of Arc,bridge_comparison,12
Where was the director of film Thomas Jefferson (Film) born?,Brooklyn,compositional,13
Why did Grand Duke Kirill Vladimirovich Of Russia's wife die?,stroke,compositional,14
Where was the place of death of the director of film Beat Girl?,Nice,compositional,15
"Who died first, Fleetwood Sheppard or George William Whitaker?",Fleetwood Sheppard,comparison,16
"Which film has the director born first, The Raven'S Dance or Keïta! L'Héritage Du Griot?",The Raven'S Dance,bridge_comparison,17
When did Jean Martin (Singer)'s husband die?,1983,compositional,18
"Which film has the director who died earlier, Tangled Destinies or The Daltons' Women?",Tangled Destinies,bridge_comparison,19
"Which film was released earlier, Moment Of Danger or The Ballad Of Josie?",Moment Of Danger,comparison,20
What nationality is the director of film World And Time Enough?,United States,compositional,21
"Which film has the director died earlier, Poker In Bed or The Machine To Kill Bad People?",The Machine To Kill Bad People,bridge_comparison,22
"Which film whose director is younger, Heads I Win, Tails You Lose or The Incredible Sarah?","Heads I Win, Tails You Lose",bridge_comparison,23
"Who is Catherine Of Pomerania, Countess Palatine Of Neumarkt's father-in-law?",Rupert,inference,24
Who is Marie Zéphyrine Of France's paternal grandmother?,Marie Leszczyńska,inference,25
"Which film has the director died earlier, Condemned Women or Faces In The Dark?",Condemned Women,bridge_comparison,26
Who is the spouse of the director of film Eden And After?,Catherine Robbe-Grillet,compositional,27
Where was the place of death of Anastasia Of Serbia's husband?,Hilandar,compositional,28
Are Fire In Hell and The Tiger: An Old Hunter'S Tale from the same country?,yes,comparison,29
"Which film was released more recently, Lo Zappatore or Placer Sangriento?",Placer Sangriento,comparison,30
Was Şemsettin Baş or Gwenc'Hlan Le Scouëzec born first?,Gwenc'Hlan Le Scouëzec,comparison,31
"Which film has the director born later, Bhoomiyude Avakashikal or The Majesty Of The Law?",Bhoomiyude Avakashikal,bridge_comparison,32
Who is Cornelia (Wife Of Caesar)'s child-in-law?,Pompey,inference,33
Why did John Middleton Murry's wife die?,tuberculosis,compositional,34
Who is the paternal grandfather of Taj Al-Dawla?,Rukn al-Dawla,inference,35
Do both films Payment On Demand and My Cousin From Warsaw have the directors from the same country?,yes,bridge_comparison,36
What is the place of birth of the director of film And The Spring Comes?,Xi'an,compositional,37
"Who died first, Madame Pasca or James A. Donohoe?",Madame Pasca,comparison,38
"Who was born later, D'Arcy Coulson or Thomas William Adams?",D'Arcy Coulson,comparison,39
Are Simonds Catholic College and Saginaw High School (Texas) both located in the same country?,no,comparison,40
Which country Prince Nikolaus Wilhelm Of Nassau's mother is from?,German,compositional,41
"Which film whose director was born first, 45 Fathers or The Intended?",45 Fathers,bridge_comparison,42
"Who is the paternal grandfather of Alexandre Berthier, 3Rd Prince Of Wagram?",Louis-Alexandre Berthier,inference,43
Where was the husband of Caterina Visconti born?,Pavia,compositional,44
"Which film has the director who was born later, A Quiet Place In The Country or When Were You Born?",A Quiet Place In The Country,bridge_comparison,45
"Who was born first, John Beach or Gordon Persons?",John Beach,comparison,46
"Which film has the director born earlier, The House By The Cemetery or Charlie Chan In Honolulu?",Charlie Chan In Honolulu,bridge_comparison,47
Who is the child of the director of film La Leona (Film)?,Víctor Bó,compositional,48
Who is Blanche Of Portugal (1259–1321)'s paternal grandmother?,Urraca of Castile,inference,49
"Who lived longer, Giuseppe Cesari or Nicos Poulantzas?",Giuseppe Cesari,comparison,50
Are director of film Nights On The Road and director of film Swann In Love (Film) from the same country?,yes,bridge_comparison,51
"Who is older, Aryeh Ben-Eliezer or Jason Pociask?",Aryeh Ben-Eliezer,comparison,52
Where does the director of film Man At Bath work at?,Cahiers du cinéma,compositional,53
"Who is Arthur Gore, 2Nd Earl Of Arran's paternal grandfather?","Sir Arthur Gore, 2nd Baronet",inference,54
Are both Kaufland and Otrag located in the same country?,yes,comparison,55
"Which film came out earlier, Aanaval Mothiram or Heroes Of The Street?",Heroes Of The Street,comparison,56
Where was the father of Lord Patrick Crichton-Stuart born?,London,compositional,57
Which country the director of film Daadagiri is from?,Pakistan,compositional,58
Where was the wife of Douglas Leiterman born?,"Winnipeg, Manitoba",compositional,59
What is the place of birth of the performer of song Who...?,Fukuoka,compositional,60
Where was the place of death of the director of film Mole Men Against The Son Of Hercules?,Roma,compositional,61
Where was the father of Alexandre Gaydamak born?,"Moscow, USSR",compositional,62
"Which film has the director who died earlier, Toen 'T Licht Verdween or Boum Sur Paris?",Toen 'T Licht Verdween,bridge_comparison,63
"Who is Gaston, Duke Of Orléans's paternal grandmother?",Jeanne d'Albret,inference,64
Where was the director of film The Half-Way Girl born?,New York,compositional,65
Who is the father-in-law of Sophia Of Wittelsbach?,Louis II,inference,66
"Where was the place of death of Lambert I, Count Of Louvain's father?",Bohemia,compositional,67
Where was the director of film Highway Dragnet born?,Gura Humorului,compositional,68
Where did Prince Gustav Of Thurn And Taxis (1848–1914)'s mother die?,Meran,compositional,69
What is the award that the performer of song Sunday Papers earned?,Grammy,compositional,70
"Which film has the director born first, Antonieta or Dodging The Dole?",Dodging The Dole,bridge_comparison,71
Are both Nikolsk Airport and Svobodny Airport located in the same country?,yes,comparison,72
"Who is the maternal grandfather of Amadeus Vii, Count Of Savoy?",Peter I,inference,73
"Are both businesses, Telus and Ztr Control Systems, located in the same country?",yes,comparison,74
"Do both films, Dial M For Murder and Marius (1931 Film), have the directors who are from the same country?",yes,bridge_comparison,75
"Who is older, Dyson Parody or Gene Watson?",Gene Watson,comparison,76
Are both directors of films The Princess Bride (Film) and I Never Sang For My Father from the same country?,yes,bridge_comparison,77
When did Prince John Konstantinovich Of Russia's mother die?,24 March 1927,compositional,78
Which country Audofleda's husband is from?,Ostrogothic Kingdom,compositional,79
What is the place of birth of the director of film Letter To The King?,Kurdish,compositional,80
"Are both bands, Snowman (Band) and Jessamine (Band), from the same country?",no,comparison,81
Where was the performer of song God (John Lennon Song) born?,Liverpool,compositional,82
"Which film has the director who died earlier, Captain Kidd And The Slave Girl or Relax Freddie?",Captain Kidd And The Slave Girl,bridge_comparison,83
"Which song was released more recently, Go Ahead And Break My Heart or Knee Deep In My Heart?",Go Ahead And Break My Heart,comparison,84
"Which film has the director who died later, The Fatal Mistake or The Devil'S Hairpin?",The Devil'S Hairpin,bridge_comparison,85
Who is Maria Luisa Of Savoy's father-in-law?,"Louis, Grand Dauphin",inference,86
Who is the paternal grandfather of Kujō Yoritsugu?,Kujō Michiie,inference,87
What is the place of birth of the director of film Marianela (1940 Film)?,Madrid,compositional,88
"Which film came out first, Repeated Absences or She Wore A Yellow Ribbon?",She Wore A Yellow Ribbon,comparison,89
"Who lived longer, Edward Dearle or Michael Doeberl?",Edward Dearle,comparison,90
Where does Karin Stoltenberg's husband work at?,United Nations,compositional,91
Where was the director of film Lettre Ouverte born?,Paris,compositional,92
"Who is William Ii, Count Of Flanders's paternal grandmother?",Mathilde of Bourbon,inference,93
What is the place of birth of Clara Novello's father?,London,compositional,94
"Which film came out earlier, Emmy Of Stork'S Nest or Indira Vizha?",Emmy Of Stork'S Nest,comparison,95
"Which film came out first, Celine: Through The Eyes Of The World or Dilan 1991?",Celine: Through The Eyes Of The World,comparison,96
"Who was born earlier, Silas Hardy or Lee Mantle?",Lee Mantle,comparison,97
"Where was the place of burial of Albert Frederick, Duke Of Prussia's mother?",Königsberg,compositional,98
Where was the place of death of Juan Carlos Gumucio's wife?,Homs,compositional,99
Who is the father of the director of film Gramps Is In The Resistance?,Alain Poiré,compositional,100
What is the place of birth of the performer of song Heaven (Namie Amuro Song)?,"Naha, Okinawa",compositional,101
What nationality is Philip Of Ibelin (1180–1227)'s mother?,Byzantine,compositional,102
"Who was born later, Joseph J. Magliocco or Viktoriya Zeynep Güneş?",Viktoriya Zeynep Güneş,comparison,103
When is the lead guitarist of List Of The Dillinger Escape Plan Band Members's birthday?,"August 8, 1975",compositional,104
Where does Huma Abedin's husband work at?,Chuck Schumer,compositional,105
"Are the movies About A Wife, A Dream And Another... and The Doolins Of Oklahoma, from the same country?",no,comparison,106
"Which film came out earlier, Out Of The Rain or Les Résultats Du Féminisme?",Les Résultats Du Féminisme,comparison,107
Where did Giacomo Feo's wife die?,Florence,compositional,108
What is the place of birth of the director of film Swedenhielms?,Helsingfors,compositional,109
Which country Jan Baptist Van Rensselaer's father is from?,Dutch,compositional,110
"Which film was released earlier, Sathyavan Savithri or Kids Of The Round Table?",Kids Of The Round Table,comparison,111
Where did Gigi Causey's husband graduate from?,Tisch,compositional,112
What nationality is Geodeung Of Geumgwan Gaya's mother?,India,compositional,113
"Which film was released earlier, Xenoa or Divorce Invitation?",Xenoa,comparison,114
What is the cause of death of Alex Matthiessen's father?,leukemia,compositional,115
What is the place of birth of Remigius Of Rouen's father?,Herstal,compositional,116
When did Lord Patrick Crichton-Stuart's father die?,22 January 1794,compositional,117
"Which film has the director who was born earlier, It'S A Joke, Son! or The Thirty Nine Steps (1978 Film)?","It'S A Joke, Son!",bridge_comparison,118
Are both directors of films The Slayer (Film) and Moscow Heat from the same country?,yes,bridge_comparison,119
"Which school was established first, Whitehorse Manor Junior School or Sabawoon Rehabilitation Centre?",Sabawoon Rehabilitation Centre,comparison,120
Are Little Sachigo Lake and Holden Lake located in the same country?,yes,comparison,121
Who is Henriette Of France (1727–1752)'s maternal grandfather?,Stanisław Leszczyński,inference,122
"Which film has the director born first, Leave It To Henry or The Last Night Of Scheherazade?",Leave It To Henry,bridge_comparison,123
"What is the date of death of Gero Ii, Margrave Of The Saxon Ostmark's father?",3 August 979,compositional,124
"Are Tomskoye, Amur Oblast and Pleshkovo located in the same country?",yes,comparison,125
"Which film came out earlier, I Am Breathing or Ulti Ganga?",Ulti Ganga,comparison,126
"Who was born later, Levon Julfalakyan or Charlotte Spurkeland?",Charlotte Spurkeland,comparison,127
Who is the father of the director of film Red 2 (Film)?,Aldo Parisot,compositional,128
When was the company that published American Scientist founded?,1886,compositional,129
What is the place of birth of Jo Planckaert's father?,Nevele,compositional,130
What is the place of birth of Gwilym Lloyd George's father?,Manchester,compositional,131
"What is the place of birth of James Douglas, 3Rd Earl Of Angus's father?",Tantallon Castle,compositional,132
What nationality is the director of film They Call It Love?,American,compositional,133
What is the place of birth of Zhanna Nemtsova's father?,Sochi,compositional,134
"Which film has the director born earlier, Santa Fe Uprising or Trainer And Temptress?",Trainer And Temptress,bridge_comparison,135
"Which film has the director who was born earlier, Adam'S Rib or Thendral Veesum?",Adam'S Rib,bridge_comparison,136
"Which country the composer of film Continental, A Film Without Guns is from?",French,compositional,137
Where was the director of film Age-Old Friends born?,"Winnipeg, Manitoba",compositional,138
"Which one was established first, Noerr or Korn Ferry?",Noerr,comparison,139
Where was the father of Eleonora Di Garzia Di Toledo born?,Villafranca del Bierzo,compositional,140
What is the award that the director of film The Last Night Of The Barbary Coast got?,Jean Hersholt Humanitarian Award,compositional,141
"Who is Prince Nicolas, Duke Of Ångermanland's mother?","Princess Madeleine, Duchess of Hälsingland and Gästrikland",inference,142
Who is the paternal grandmother of Princess Augusta Of Waldeck-Pyrmont?,Princess Augusta of Schwarzburg-Sondershausen,inference,143
Where does the director of film The Marquise Of O (Film) work at?,Cahiers du cinéma,compositional,144
"Which film whose director is younger, Joe Palooka In Fighting Mad or Figaro-Ci, Figaro-Là?","Figaro-Ci, Figaro-Là",bridge_comparison,145
"Which film was released first, Ekam – Son Of Soil or Farber'S Nerve?",Farber'S Nerve,comparison,146
Which country Mohammed Al-Modiahki's wife is from?,China,compositional,147
Do both films: Gammat Jammat and Ready (2011 Film) have the directors from the same country?,yes,bridge_comparison,148
Who is Philip Of Sicily's father?,Charles I of Naples,inference,149
"Who was born later, Gideon Johnson Pillow or Holm Jølsen?",Holm Jølsen,comparison,150
"Which film has the director who died first, The Crime Doctor'S Courage or Vasantha Sena (1967 Film)?",The Crime Doctor'S Courage,bridge_comparison,151
"Where did the director of film My Heidelberg, I Can Not Forget You die?",Argentina,compositional,152
"Which film was released earlier, Tiger Of The Seven Seas or My Wife'S Lodger?",My Wife'S Lodger,comparison,153
Do Alice Mary Dowd and Richard N. Palmer have the same nationality?,yes,comparison,154
Who is the father of the director of film Wonders Of The Sea 3D?,Jacques Cousteau,compositional,155
"Which film has the director died first, Le Guignolo or Knights Of The Range?",Knights Of The Range,bridge_comparison,156
"Who died later, Narcís Ventalló or H. Verlan Andersen?",Narcís Ventalló,comparison,157
"Which film was released first, The Beginning Or The End or Hold Back The Night?",The Beginning Or The End,comparison,158
"Who is younger, Aneta Hladíková or René Poupardin?",Aneta Hladíková,comparison,159
Where was the place of death of Prince Christopher Of Greece And Denmark's father?,Thessaloniki,compositional,160
What is the place of birth of the director of film Guilty Of Treason?,New York,compositional,161
"Where did Charles Stewart, 3Rd Duke Of Richmond's father graduate from?",University of Paris,compositional,162
What is the place of birth of the performer of song I Wish (Gabrielle Song)?,Hackney,compositional,163
When was the director of film Jinpa born?,1969,compositional,164
"Which film whose director is younger, Kalippava or A Couch In New York?",A Couch In New York,bridge_comparison,165
"Which film has the director who died earlier, The Love Charm or The Constant Woman?",The Constant Woman,bridge_comparison,166
"Which film came out earlier, Dis-Moi Qui Tuer or Under The Hawthorn Tree (Film)?",Dis-Moi Qui Tuer,comparison,167
Where was the place of death of Tamatoa Vi's father?,Huahine,compositional,168
Where did the director of film Old Man Drinking A Glass Of Beer die?,Brighton,compositional,169
"What is the date of death of Henry St John, 18Th Baron St John Of Bletso's father?",10 May 1912,compositional,170
"Who is younger, Justin Paul or Helly Shah?",Helly Shah,comparison,171
Who was born first out of Marco De Luigi and Fabio Maistro?,Marco De Luigi,comparison,172
"Which film has the director who died earlier, Guns And Guitars or To The Victor?",Guns And Guitars,bridge_comparison,173
"Which film has the director who died later, His Last Haul or The Falcon In San Francisco?",The Falcon In San Francisco,bridge_comparison,174
"Who is Edward De Vere, 17Th Earl Of Oxford's paternal grandfather?","John de Vere, 15th Earl of Oxford",inference,175
Where was the place of death of Alexander Carl Otto Westphal's father?,Kreuzlingen,compositional,176
"Which film has the director born earlier, Jayam Manade or Bulldog Drummond'S Revenge?",Bulldog Drummond'S Revenge,bridge_comparison,177
"Which film has the director who is older, The Gamecock (Film) or Monster A Go-Go?",Monster A Go-Go,bridge_comparison,178
Where was the place of death of Alessandro Vitelli's father?,Florence,compositional,179
Where was the performer of song Bag Skyerne born?,Århus,compositional,180
Are both directors of films 16 To Life and Saved By The Belles from the same country?,yes,bridge_comparison,181
Where was the mother of Francis Ii Of France born?,Florence,compositional,182
"Who was born later, Marc De Clerck or Wiesław Perszke?",Wiesław Perszke,comparison,183
"Which film has the director born later, Jesse James' Women or Ride Lonesome?",Ride Lonesome,bridge_comparison,184
What nationality is the director of film Madeleine (1950 Film)?,British,compositional,185
"Which film has the director died first, Edge Of Doom or A Mother'S Secret?",A Mother'S Secret,bridge_comparison,186
"Which song was released earlier, 1990-Sick (Get 'Em All) or Who'S Laughing Now (Song)?",1990-Sick (Get 'Em All),comparison,187
Where did the director of film Desolation Angels (1995 Film) graduate from?,State University of New York at Purchase,compositional,188
"When did Richard Annesley, 2Nd Earl Annesley's father die?",2 September 1770,compositional,189
"Which film has the director died earlier, Lemonade Joe or Bountiful Summer?",Bountiful Summer,bridge_comparison,190
"What is the date of death of Conan Ii, Duke Of Brittany's mother?",1080,compositional,191
When was the director of film Reykjavík-Rotterdam born?,30 June 1963,compositional,192
What is the place of birth of Eiludd Powys's father?,Wales,compositional,193
Where was the director of film At The End Of The Tunnel born?,Rosario,compositional,194
When was Ferdinand Iii Of Limburg Stirum's father born?,1701,compositional,195
Which country the director of film Ulzhan is from?,German,compositional,196
Who is Prince Franz De Paula Of Liechtenstein's paternal grandfather?,Franz Joseph I,inference,197
What is the place of birth of Samir Rifai's father?,Amman,compositional,198
Who is the paternal grandmother of Archduchess Dolores Of Austria?,Princess Maria Immaculata of Bourbon-Two Sicilies,inference,199
"Which film has the director died first, Two For Tonight or Light Over Russia?",Two For Tonight,bridge_comparison,200
What is the place of birth of the director of film Peter'S Friends?,Belfast,compositional,201
Where was the composer of film Love Story 1999 born?,Tamil,compositional,202
"Who is the father of Beltrán Vélez De Guevara, Marquis Of Campo Real?","Íñigo Vélez de Guevara, 7th Count of Oñate",inference,203
"Which film whose director is younger, Jeedar or The Rebel Set?",Jeedar,bridge_comparison,204
Where was the mother of Antonio Flores born?,Jerez de la Frontera,compositional,205
What is the place of birth of the performer of song Down Ass Bitch?,Queens,compositional,206
What is the place of birth of Empress Xu (Ming Dynasty)'s husband?,Nanjing,compositional,207
"Which film came out earlier, Niyoti or Angali Pangali?",Niyoti,comparison,208
Which country Aleksandra Marianna Wiesiołowska's father is from?,Polish–Lithuanian Commonwealth,compositional,209
Which country Tivala's father is from?,Maurya dynasty,compositional,210
Who is the paternal grandmother of King Kang Of Zhou?,Yi Jiang,inference,211
"Which film has the director who died first, The Face Of Fu Manchu or The Hidden One?",The Hidden One,bridge_comparison,212
What is the place of birth of the director of film Double Or Nothing (1940 Film)?,"New Brunswick, New Jersey",compositional,213
"Which film whose director was born first, The Great Flamarion or The Hollars?",The Great Flamarion,bridge_comparison,214
Do both directors of films Dangerous To Know and Les Côtelettes have the same nationality?,yes,bridge_comparison,215
"Are both villages, Mavrolithari and Ampelakia, Evros, located in the same country?",yes,comparison,216
Where was the place of death of the director of film Kathputli (1971 Film)?,Bombay,compositional,217
Where did the director of film Ręce Do Góry study?,National Film School in Łódź,compositional,218
Where was the place of death of Suzanne Farrington's mother?,London,compositional,219
What nationality is the director of film Name The Man?,Swedish,compositional,220
Do Kreesha Turner and Samantha Jo share the same nationality?,yes,comparison,221
What is the place of birth of the director of film Aurora (2018 Film)?,Davao,compositional,222
"Which film has the director born later, Befikre or American Sniper?",Befikre,bridge_comparison,223
When is Prince Napoléon Bonaparte's father's birthday?,15 November 1784,compositional,224
"Which film was released more recently, Toolbox Murders or I Met You In Naples?",Toolbox Murders,comparison,225
Where was the place of death of the composer of song How Long Has This Been Going On??,Hollywood,compositional,226
"Which film has the director died earlier, Youngblood Hawke (Film) or Crook'S Tour?",Crook'S Tour,bridge_comparison,227
Where did William S. Burroughs Jr.'s father study?,Harvard,compositional,228
"Which film has the director who was born earlier, Circus Beely or Tom, Dick And Harry 2?",Circus Beely,bridge_comparison,229
Who is the maternal grandmother of Felipe De Marichalar Y Borbón?,Queen Sofía of Spain,inference,230
Are the directors of both films The Fall Of A Saint and Fighting Through from the same country?,no,bridge_comparison,231
Which country Natalie Portman's husband is from?,French,compositional,232
Who is the father-in-law of Tsandzile Ndwandwe?,Ndvungunye,inference,233
"Which film has the director born earlier, Mister Scarface or Waking Sleeping Beauty?",Mister Scarface,bridge_comparison,234
What is the place of birth of the performer of song Hunter (Björk Song)?,Reykjavík,compositional,235
"Who is the paternal grandfather of Richard Beauchamp, 1St Earl Of Worcester?",Thomas de Beauchamp,inference,236
Who is the spouse of the director of film Carol'S Journey?,María Barranco,compositional,237
"Which film has the director born later, Diary Of A Maniac or Return Of The Hero?",Return Of The Hero,bridge_comparison,238
"Where was the father of Augustus William, Duke Of Brunswick-Bevern born?",Osterholz,compositional,239
Who is the mother-in-law of Lollia Paulina?,Agrippina the Elder,inference,240
"Which film was released more recently, Gaza Ghetto or Kull The Conqueror?",Kull The Conqueror,comparison,241
"Who was born earlier, Raúl Osorio or James B. Harris?",James B. Harris,comparison,242
When was the company that published Woman'S Century founded?,"October 27, 1893",compositional,243
"Who is Charles Willoughby, 10Th Baron Willoughby Of Parham's paternal grandmother?",Lady Frances Manners,inference,244
"Which film has the director who died earlier, Deuce High or The King Is The Best Mayor?",The King Is The Best Mayor,bridge_comparison,245
"Which film was released earlier, Premium (Film) or Week-End With Father?",Week-End With Father,comparison,246
What nationality is Gevherhan Sultan (Daughter Of Selim Ii)'s father?,Ottoman Empire,compositional,247
Are both Țerova and Slava (River) located in the same country?,yes,comparison,248
Are Graduate University Of Advanced Technology and Fruita Schoolhouse located in the same country?,no,comparison,249
Who is the paternal grandmother of Prince William Of Hesse-Kassel?,Princess Mary of Great Britain,inference,250
Where did the presenter of Tim Russert (Talk Show) die?,Washington,compositional,251
"Which film has the director who died earlier, 11 Harrowhouse or A Little Sister Of Everybody?",A Little Sister Of Everybody,bridge_comparison,252
What is the place of birth of the director of film The Last Horror Movie?,Newport,compositional,253
"Which film has the director who is older, The Woman In The Fifth or End Of Winter?",The Woman In The Fifth,bridge_comparison,254
"Which film has the director who is older, The Girl King or Happy As The Grass Was Green?",Happy As The Grass Was Green,bridge_comparison,255
"Who is George Fitzroy, 1St Duke Of Northumberland's stepmother?",Catherine of Braganza,inference,256
Where does the director of film Ghost In The Machine (Film) work at?,University of British Columbia,compositional,257
"Are Elsah, Illinois and Chah-E Puzeh, Tabas both located in the same country?",no,comparison,258
"Who is the paternal grandmother of Louis, Count Of Verdun?",Gerberge of Lorraine,inference,259
What nationality is Anne Of Burgundy's father?,France,compositional,260
"Which film has the director who was born later, All The Gold In The World or The Crowning Touch?",The Crowning Touch,bridge_comparison,261
"Who lived longer, Csaba Pálinkás or Henry Scheffé?",Henry Scheffé,comparison,262
"Which film was released more recently, Pirates Of The Prairie or Alien Origin?",Alien Origin,comparison,263
Who is the mother of Edward I Of England?,Eleanor of Provence,inference,264
"What is the date of death of Joan, Countess Of Blois's mother?",2 August 1288,compositional,265
"Which album came out first, Issa Album or 3.2.1.?",3.2.1.,comparison,266
Who is Sancho Ramírez's maternal grandfather?,"Bernard-Roger, Count of Bigorre",inference,267
"Which film was released earlier, New Jersey Drive or It Happened At The World'S Fair?",It Happened At The World'S Fair,comparison,268
Who is the spouse of the performer of song Lolita (Leah Labelle Song)?,Rasual Butler,compositional,269
Do director of film Winter Meeting and director of film Year Of The Horse have the same nationality?,no,bridge_comparison,270
Where does Chris Warren (Rugby League)'s father work at?,Nine Network,compositional,271
Where did Davey Boy Smith Jr.'s mother study?,Stampede Wrestling,compositional,272
"Which country Thomas Lyon-Bowes, Lord Glamis's father is from?",British,compositional,273
What nationality is the performer of song Adore You (Jessie Ware Song)?,United Kingdom,compositional,274
"Which film whose director is younger, Dallas 362 or Revenge Of The Barbarians?",Dallas 362,bridge_comparison,275
"Which film has the director born earlier, Spring Storms or Fun In The Barracks?",Fun In The Barracks,bridge_comparison,276
Where was the father of Andrew Balding born?,US,compositional,277
"Which film was released earlier, Anna-Liisa or Children Underground?",Anna-Liisa,comparison,278
Are Arnold Palmer Regional Airport and Luis Muñoz Marín International Airport located in the same country?,yes,comparison,279
Which award the composer of film Pataakha won?,National Film Award for Best Music Direction,compositional,280
What is the place of birth of the performer of song Damage (Pharoahe Monch Song)?,Queens,compositional,281
Where did Henry C. Lord's father graduate from?,Bowdoin College,compositional,282
"Which film whose director is younger, Uncharted Seas or Something Of Value?",Something Of Value,bridge_comparison,283
"Which film has the director born later, My Own Private Idaho or Lucignolo?",Lucignolo,bridge_comparison,284
"What is the date of birth of Prince Bernhard Of Orange-Nassau, Van Vollenhoven's father?","April 30, 1939",compositional,285
"Are the bands The Catheters and Dark At Dawn, from the same country?",no,comparison,286
Who is the paternal grandmother of Ingegerd Olofsdotter Of Sweden?,Sigrid the Haughty,inference,287
Where was the place of death of the creator of Conan The Adventurer (1992 Tv Series)?,Cross Plains,compositional,288
Are the directors of films The Swordsman (Upcoming Film) and Shopworn both from the same country?,no,bridge_comparison,289
Are The Man Who Knew Too Much (1956 Film) and Man On Wire both from the same country?,yes,comparison,290
What is the place of birth of the director of film The Fj Holden?,"Sydney, Australia",compositional,291
"Who was born later, Lisbeth Cathrine Amalie Rose or Princess Raiyah Bint Hussein?",Princess Raiyah Bint Hussein,comparison,292
Where was the performer of song Step Into The Light (Myra Song) born?,California,compositional,293
Which country the director of film One Night At Mccool'S is from?,Norwegian,compositional,294
"Who is the paternal grandfather of Beatrice I, Abbess Of Quedlinburg?",Conrad II,inference,295
"Who is the paternal grandmother of John Iii, Duke Of Cleves?",Elizabeth of Nevers,inference,296
Where was the place of death of George Thomas Orlando Bridgeman's father?,Weston Park,compositional,297
What nationality is Imperial Noble Consort Chunhui's husband?,Qing dynasty,compositional,298
"Which film has the director who died later, Say It With Flowers or Boot Hill Bandits?",Boot Hill Bandits,bridge_comparison,299
"Who is younger, Nicolas Görtler or Michel De Salzmann?",Nicolas Görtler,comparison,300
Which country Anthemiolus's father is from?,Roman Empire,compositional,301
Where was the place of burial of the performer of song This Time (Waylon Jennings Song)?,Arizona,compositional,302
"Who is Charles D'Orléans, Duke Of Penthièvre's paternal grandfather?","Louis Philippe II, Duke of Orléans",inference,303
"Which film has the director who is older than the other, Judy Berlin or Tonight At Twelve?",Tonight At Twelve,bridge_comparison,304
"What nationality is Ferdinand Of Portugal, Duke Of Guarda's mother?",Spanish,compositional,305
"Did the movies Passer L'Hiver and In My Skin, originate from the same country?",yes,comparison,306
"Are both director of film Germany, Year Zero and director of film Cross Shot from the same country?",yes,bridge_comparison,307
"Which film has the director who was born first, Ghost-Town Gold or The Musician Killer?",Ghost-Town Gold,bridge_comparison,308
What is the place of birth of Consort Liang's husband?,Chinese,compositional,309
Where did Muza Niyazova's husband die?,Ashgabat,compositional,310
"Are both stations, Muzaffargarh Railway Station and Raisan Railway Station, located in the same country?",yes,comparison,311
Do John Amyas Alexander and Albert Seward share the same nationality?,yes,comparison,312
"Who is younger, Bernard Chambaz or Tibor Pézsa?",Bernard Chambaz,comparison,313
Which award the composer of film Bhookh (1947 Film) won?,Sangeet Natak Akademi Award,compositional,314
"Which film has the director who was born first, The Ballad Of Gregorio Cortez or Naiyya?",The Ballad Of Gregorio Cortez,bridge_comparison,315
"Which film has the director who is older, The Boy Turns Man or A Strange Adventure?",A Strange Adventure,bridge_comparison,316
"Who is Joan, Countess Of Chiny's paternal grandfather?","Louis III, Count of Chiny",inference,317
"Where was the father of Prince Charles Louis, Duke Of Chartres born?",Rabat,compositional,318
"Where was the place of burial of Ælfgar, Earl Of Mercia's mother?",Coventry,compositional,319
Which country Dexter Young's mother is from?,China,compositional,320
Who is the spouse of the performer of song Ängeln I Rummet?,Efva Attling,compositional,321
Where was the performer of song Égérie (Song) born?,La Trinité,compositional,322
"Who is Thomas Stafford, 3Rd Earl Of Stafford's father?","Hugh de Stafford, 2nd Earl of Stafford",inference,323
What is the place of birth of the director of film Stopp! Tänk På Något Annat?,Västerås,compositional,324
Who is the child of the director of film Lo Que Le Pasó A Reynoso?,Leopoldo Torre Nilsson,compositional,325
"Which film was released more recently, Circus Of Love or The Kiss Of Evil?",The Kiss Of Evil,comparison,326
"Which film has the director who is older than the other, One Down, Two To Go or Andrei Svislotskiy?","One Down, Two To Go",bridge_comparison,327
Who is the maternal grandfather of Adam Coleman Howard?,Jules Lederer,inference,328
"Which film has the director born later, Under The Lantern or Darling Of The Gods?",Under The Lantern,bridge_comparison,329
"Which film has the director who was born first, Slim Carter or Thendral Veesum?",Thendral Veesum,bridge_comparison,330
"Which film has the director who died first, A Dream Or Two Ago or Why Leave Home??",A Dream Or Two Ago,bridge_comparison,331
Where did the director of film Vestire Gli Ignudi die?,Paris,compositional,332
"Which film has the director died earlier, John Jaffer Janardhanan or Kamakalawa?",Kamakalawa,bridge_comparison,333
"Which film has the director died earlier, The Story Of Anastasia or A Mother Of Men?",A Mother Of Men,bridge_comparison,334
"Which film was released more recently, Occupation: Dreamland or Ganga Bhavani?",Occupation: Dreamland,comparison,335
Who is Frederick Of Luxembourg's paternal grandfather?,Wigeric of Lotharingia,inference,336
Who is the father of the director of film Mirage (1972 Film)?,Daniel Alomía Robles,compositional,337
Where did Claudio Silva (Computer Scientist)'s wife graduate from?,Stony Brook University,compositional,338
"Which film has the director born first, Spione or Five Million Look For An Heir?",Five Million Look For An Heir,bridge_comparison,339
"Which film was released earlier, Man'S Search For Happiness or Tell It To The Bees?",Man'S Search For Happiness,comparison,340
"Which film has the director born first, La Mazurka Del Barone, Della Santa E Del Fico Fiorone or Safe (2012 Film)?","La Mazurka Del Barone, Della Santa E Del Fico Fiorone",bridge_comparison,341
"Who lived longer, Antonio Caggiano or Hardyal Singh?",Antonio Caggiano,comparison,342
What is the place of birth of the director of film A Woman'S Face (1938 Film)?,Helsingfors,compositional,343
Where did the composer of film The Merry Monahans die?,Studio City,compositional,344
"Which school was opened first, Chopasni Senior Secondary School, Jodhpur or Tunku Putra School?","Chopasni Senior Secondary School, Jodhpur",comparison,345
"Who is Richard Burke, 4Th Earl Of Clanricarde's paternal grandfather?","Richard Burke, 2nd Earl of Clanricarde",inference,346
"Which film has the director who was born earlier, Retalhos Da Vida De Um Médico or The Shooting?",Retalhos Da Vida De Um Médico,bridge_comparison,347
Are Blurt (Magazine) and Maui Nō Ka ʻOi Magazine from the same country?,yes,comparison,348
Who is the paternal grandfather of John Ii Of Baden?,"Bernard I, Margrave of Baden-Baden",inference,349
"Which film came out first, Ami Neta Hobo or Hood Of The Living Dead?",Hood Of The Living Dead,comparison,350
"Which film has the director who was born earlier, Buffet Froid or Lost In Africa?",Buffet Froid,bridge_comparison,351
Who is the spouse of the director of film My Three Merry Widows?,Mapy Cortés,compositional,352
Where did Meritaten's father die?,Akhetaten,compositional,353
Who is the paternal grandmother of Edward I Of England?,Isabella of Angoulême,inference,354
Who is the paternal grandfather of Guy Le Strange?,Henry Styleman,inference,355
Who is Germaine Of Foix's paternal grandfather?,Gaston IV of Foix,inference,356
"Which film has the director who died earlier, Gold For The Caesars or Heinz In The Moon?",Heinz In The Moon,bridge_comparison,357
"Which film has the director born later, Monsieur Taxi or A Yiddish World Remembered?",A Yiddish World Remembered,bridge_comparison,358
What is the date of death of the director of film Escándalo De Estrellas?,"August 7, 2004",compositional,359
"Which film has the director born first, Trouble With Jolanthe or Children Of Fortune?",Trouble With Jolanthe,bridge_comparison,360
Where was the composer of film Terror In The Aisles born?,California,compositional,361
"Which film whose director is younger, Roland The Mighty or Graves Without A Name?",Graves Without A Name,bridge_comparison,362
"What is the cause of death of performer of song Oh Boy, Oh Boy, Oh Boy!?",laryngeal cancer,compositional,363
"Which film has the director who is older, When You'Re Strange or Vzdušné Torpédo 48?",Vzdušné Torpédo 48,bridge_comparison,364
"What nationality is Beatrice I, Countess Of Burgundy's husband?",Germany,compositional,365
"Which film was released first, Taxi Zum Klo or Saajan Bina Suhagan?",Saajan Bina Suhagan,comparison,366
"Which film has the director born first, Şaban, Son Of Şaban or East/West?","Şaban, Son Of Şaban",bridge_comparison,367
Where did George Lane-Fox (Mp)'s father study?,"Christ's College, Cambridge",compositional,368
"Which film has the director born first, Stella'S Oorlog or Don Juan In A Girls' School?",Don Juan In A Girls' School,bridge_comparison,369
Where was the place of death of Christiane Vulpius's husband?,Weimar,compositional,370
"Which film has the director died earlier, Dialogues Of Exiles or Rhythm And Weep?",Rhythm And Weep,bridge_comparison,371
"Which film came out first, My Wife'S Lodger or Ko 2?",My Wife'S Lodger,comparison,372
"Which film has the director born later, Allos Gia To Ekatommyrio or Elvira'S Haunted Hills?",Elvira'S Haunted Hills,bridge_comparison,373
Who is the uncle of Catherine Allégret?,Marc Allégret,inference,374
Who is the paternal grandfather of George De Salis?,"Jerome, 4th Count de Salis-Soglio",inference,375
What is the date of death of Catherine Of Guelders's father?,23 February 1473,compositional,376
Who is the father of the composer of song I Miss You (Miley Cyrus Song)?,Billy Ray Cyrus,compositional,377
What is the place of birth of the director of film Operation Secret?,New York,compositional,378
Who was born first out of Alexey Volkonsky and Wanderley Oliveira?,Wanderley Oliveira,comparison,379
Where did Bianca Riario's father die?,Forlì,compositional,380
Where was the director of film Bollywood Calling born?,Hyderabad,compositional,381
"Are Doboy Railway Station and Adamstown Railway Station, New South Wales located in the same country?",yes,comparison,382
"Which film has the director born earlier, Idols Of The Radio or Solos En La Madrugada?",Idols Of The Radio,bridge_comparison,383
Who is the mother of the performer of song Feel Good (Robin Thicke Song)?,Gloria Loring,compositional,384
Where did Tamara Imeretinsky's father graduate from?,Lancing College,compositional,385
"Who died first, Louis-René De Caradeuc De La Chalotais or Hermann Friedrich Graebe?",Louis-René De Caradeuc De La Chalotais,comparison,386
Where was the place of death of James Adam (Architect)'s father?,Edinburgh,compositional,387
"Where did Edmund Tudor, 1St Earl Of Richmond's wife graduate from?",St John's College,compositional,388
"Which film was released more recently, Aami or Bitch Slap?",Aami,comparison,389
Who is Busba Kitiyakara's paternal grandfather?,Kitiyakara Voralaksana,inference,390
Who is the father of the director of film Ae Dil Hai Mushkil?,Yash Johar,compositional,391
Who was born first out of Ramsay Anderson and Fernand Fédronic?,Ramsay Anderson,comparison,392
Are the directors of films Scuola Di Ladri and Pensione Paura both from the same country?,yes,bridge_comparison,393
What is the place of birth of the director of film Dawn Of Life?,"San Juan, Puerto Rico",compositional,394
Where was the husband of Jeanne Raunay born?,Évreux,compositional,395
Are the directors of films The Edifying And Joyous Story Of Colinot and Cold Moon both from the same country?,yes,bridge_comparison,396
What is the place of birth of the performer of song Pluto (Song)?,Reykjavík,compositional,397
What is the place of birth of Princess Margaretha Of Saxony's mother?,Munich,compositional,398
Who is the spouse of the director of film West Of Shanghai?,Maureen O'Sullivan,compositional,399
Do director of film Jerry And Tom and director of film Kansas City Princess share the same nationality?,no,bridge_comparison,400
"Which film was released earlier, Amelie Or The Time To Love or Beginners?",Amelie Or The Time To Love,comparison,401
What is the cause of death of composer of song Look At Me (Xxxtentacion Song)?,shot,compositional,402
"Which film came out first, Natürlich Die Nelli or Cairo Declaration (Film)?",Natürlich Die Nelli,comparison,403
Who is Constantine Palaiologos (Son Of Andronikos Ii)'s maternal grandmother?,Elizabeth the Cuman,inference,404
"Where was the performer of song Lucky Me, Lucky You born?",Abilene,compositional,405
What is the place of birth of the creator of Miss Seventeen?,Tehran,compositional,406
Who is the mother of the director of film Brenda Brave?,Käbi Laretei,compositional,407
Where was the place of burial of Meritites I's husband?,Great Pyramid of Giza,compositional,408
Who is Wisigard's father-in-law?,Theuderic I,inference,409
Where was the place of death of Duchess Maria Dorothea Of Württemberg's father?,Kirchheim unter Teck,compositional,410
Where was the director of film The Pride Of Jennico (Film) born?,Colorado,compositional,411
Where was the director of film Gently My Songs Entreat born?,Viennese,compositional,412
What is the cause of death of Eleanor De Clare's husband?,"hanged, drawn and quartered",compositional,413
What is the cause of death of performer of song Voi Voi?,illness,compositional,414
"Which film has the director died first, Resan Till Dej or Rocking Moon?",Rocking Moon,bridge_comparison,415
"Which film has the director born later, Christ Walking On The Water or 45 Fathers?",45 Fathers,bridge_comparison,416
Are both directors of films Breslin And Hamill: Deadline Artists and Jean The Tenant from the same country?,yes,bridge_comparison,417
Are Bal Vidyalaya (Kota) and Loreto House both located in the same country?,yes,comparison,418
"When did Engelbert, Count Of Nevers's mother die?",21 June 1483,compositional,419
"Which film has the director died later, Excursion Train or Bad Day At Black Rock?",Bad Day At Black Rock,bridge_comparison,420
"Which film has the director who died later, Emanuelle And The Last Cannibals or Hostile Country?",Emanuelle And The Last Cannibals,bridge_comparison,421
"Which film has the director died later, Just Like A Woman (1939 Film) or Madigan'S Millions?",Madigan'S Millions,bridge_comparison,422
Why did the performer of song Ludlow Massacre (Song) die?,Huntington's disease,compositional,423
"Which film has the director who died later, Cooee And The Echo or Sweepings?",Sweepings,bridge_comparison,424
"Which film has the director born earlier, The Newest Pledge or Más Allá De La Aventura?",Más Allá De La Aventura,bridge_comparison,425
Where was the director of film Slingshot (Film) born?,"Suffield, Connecticut",compositional,426
"Which film has the director who was born first, I Come With The Rain or A Question Of Attribution?",A Question Of Attribution,bridge_comparison,427
"Are Coal City, Illinois and Lash Kenar, Nur both located in the same country?",no,comparison,428
Who is the mother of Olaf (Ii) Haraldsen?,Ragnild Magnusdotter,inference,429
What nationality is Florent Of Hainaut's mother?,Germany,compositional,430
Where was the director of film The Love Captive born?,Poznań,compositional,431
Are the directors of both films Der Blindgänger and Hotel Desire from the same country?,yes,bridge_comparison,432
Who is the spouse of the director of film Noc Nevěsty?,Alena Mihulová,compositional,433
"Which film has the director who died later, The Death Kiss or Her Luck In London?",Her Luck In London,bridge_comparison,434
"Which film whose director is younger, The Devil'S Pass Key or La Bella Di Lodi?",La Bella Di Lodi,bridge_comparison,435
Where did the composer of film Henry V (1944 Film) die?,Ischia,compositional,436
"Which film has the director who is older, Johnny Concho or One Minute To Twelve?",One Minute To Twelve,bridge_comparison,437
"Which album came out earlier, Was I The Wave? or Kingdom Of Rock?",Was I The Wave?,comparison,438
"Which film has the director born later, Cyclone Of The Saddle or Blind Corner?",Blind Corner,bridge_comparison,439
Where did the director of film The Gallant Lords Of Bois-Doré die?,Paris,compositional,440
"Which film came out earlier, It'S Our Life! or Maximum Ride (Film)?",It'S Our Life!,comparison,441
Where did the director of film The Boy Who Cried Werewolf (1973 Film) die?,Palos Verdes,compositional,442
Where was the director of film Los Motivos De Luz born?,France,compositional,443
Where was the performer of song Fast Car (Namie Amuro Song) born?,"Naha, Okinawa",compositional,444
"Who is Charles Gordon, 2Nd Earl Of Aboyne's paternal grandmother?",Lady Anne Campbell,inference,445
Where was the director of film En Aasai Rasave born?,Theni,compositional,446
Where was the director of film High (Film) born?,"Johannesburg, South Africa",compositional,447
Where was the place of death of Ginevra D'Este's husband?,Rimini,compositional,448
What is the place of birth of the director of film Tři Chlapi V Chalupě?,Prostějov,compositional,449
"Who died first, Olaf Everson or Abdul Wahab Khan Tarzi?",Abdul Wahab Khan Tarzi,comparison,450
"Which film has the director who died later, Good Morning, Little Countess or Vogue La Galère?",Vogue La Galère,bridge_comparison,451
"Who died later, Stephen De Staebler or Samuel Arthur Saunder?",Stephen De Staebler,comparison,452
Where was the husband of Esperanza Osmeña born?,Cebu,compositional,453
Where was the place of death of the director of film Scugnizzi?,Rome,compositional,454
"Which film has the director who was born later, The Daughter Of Rosie O'Grady or The Whistle (Film)?",The Daughter Of Rosie O'Grady,bridge_comparison,455
Do both films Happiness Of Three Women and Percy (1925 Film) have the directors from the same country?,yes,bridge_comparison,456
"Which film has the director who was born earlier, Invasion 1897 or Nene Raju Nene Mantri?",Nene Raju Nene Mantri,bridge_comparison,457
"Who did Joan Ramon Ii, Count Of Cardona marry?",Joana de Prades,inference,458
"Who is the paternal grandmother of Sudeley Hanbury-Tracy, 3Rd Baron Sudeley?",Henrietta Susanna Tracy,inference,459
"Which album was released more recently, The Arockalypse or Because The Internet?",Because The Internet,comparison,460
"Are the movies On A Clear Day You Can See Forever (Film) and Education Of A Prince, from the same country?",no,comparison,461
"Which film whose director is younger, Torments Of The Night or Dirty Dancing?",Dirty Dancing,bridge_comparison,462
Where did the director of film Music In Darkness die?,Fårö,compositional,463
Which country Aleksander Koniecpolski (1620–1659)'s father is from?,Polish-Lithuanian Commonwealth,compositional,464
"Who is Archibald Acheson, 4Th Earl Of Gosford's paternal grandfather?","Archibald Acheson, 2nd Earl of Gosford",inference,465
"Which film was released more recently, The First Seven Years or Cinesound Varieties?",Cinesound Varieties,comparison,466
"Where was the place of death of William De Warenne, 2Nd Earl Of Surrey's father?",Lewes,compositional,467
"What is the place of birth of the director of film I Love, You Love?",Bratislava,compositional,468
"Do director of film Coteau Rouge and director of film Hochelaga, Land Of Souls share the same nationality?",yes,bridge_comparison,469
Where did the director of film Don Juan (1922 Film) die?,Westerland,compositional,470
Where was the performer of song I See You (Theme From Avatar) born?,London,compositional,471
Who is the maternal grandmother of Archduchess Elisabeth Of Austria (1922–1993)?,Infanta Maria Antonia of Portugal,inference,472
"Which film was released more recently, Royal Treasure or When Love Begins?",Royal Treasure,comparison,473
"Who is Albert Iv, Prince Of Anhalt-Köthen's paternal grandfather?","Albert II, Prince of Anhalt-Zerbst",inference,474
"Which film has the director who was born later, Henry Goes Arizona or The Blue Collar Worker And The Hairdresser In A Whirl Of Sex And Politics?",The Blue Collar Worker And The Hairdresser In A Whirl Of Sex And Politics,bridge_comparison,475
Who is the father of the director of film Plunkett & Macleane?,Ridley Scott,compositional,476
"Who was born earlier, Ela Gandhi or Sebastián Borensztein?",Ela Gandhi,comparison,477
"Which film has the director who was born earlier, Red Sparrow or The Flying Liftboy?",The Flying Liftboy,bridge_comparison,478
"Which film was released first, The Cemetery Club or Uzhaikkum Karangal?",Uzhaikkum Karangal,comparison,479
Who is Wang Xijie's father-in-law?,Longqing,inference,480
What nationality is the director of film Rise Above: The Tribe 8 Documentary?,United States,compositional,481
Who was born first out of Overill Dwyer-Brown and Dragan Načevski?,Overill Dwyer-Brown,comparison,482
Which country the director of film I See You (2006 Film) is from?,India,compositional,483
Who is Colgú Mac Faílbe Flaind's uncle?,Fíngen mac Áedo Duib,inference,484
Which country Gilduin Of Le Puiset's father is from?,France,compositional,485
"Which film has the director who is older than the other, The Enchanted Desna or Neal Of The Navy?",Neal Of The Navy,bridge_comparison,486
"Which film has the director born later, Feel My Pulse or Panique?",Panique,bridge_comparison,487
"Which film has the director who was born first, Hanuman Patal Vijay or Young And Dangerous: The Prequel?",Hanuman Patal Vijay,bridge_comparison,488
"Which film was released first, Heaven Help Us or Ghar Ki Rani?",Ghar Ki Rani,comparison,489
"Which film has the director who died first, The Boss And The Worker or Claire'S Knee?",The Boss And The Worker,bridge_comparison,490
"Who lived longer, Louis-Armand-Constantin De Rohan or Adalberto Pereira Dos Santos?",Adalberto Pereira Dos Santos,comparison,491
Who is the mother-in-law of Gyrid Of Sweden?,Thyra,inference,492
Who is the maternal grandfather of Prince Dmitri Alexandrovich Of Russia?,Alexander III of Russia,inference,493
Where was the place of burial of the director of film The Last Company?,Forest Lawn Memorial Park,compositional,494
Do both films Fig Leaves and Boogeyman (Film) have the directors that share the same nationality?,no,bridge_comparison,495
"Which film has the director who is older, Road To Singapore or Melodies Of Vera Quarter?",Road To Singapore,bridge_comparison,496
Who is Prince Harald Of Schaumburg-Lippe's maternal grandfather?,Prince Harald of Denmark,inference,497
Where was the place of burial of Gjon Kastrioti Ii's father?,Lezhë,compositional,498
Who is Albert G. Simms's father-in-law?,Mark Hanna,inference,499
